date,protocol,totalLiquidityUSD
NaT,curve-finance,1163733.0
NaT,curve-finance,1372109.0
NaT,curve-finance,8936.0
NaT,curve-finance,38139.0
NaT,curve-finance,273331.0
NaT,curve-finance,1213755.0
NaT,curve-finance,1820510.0
NaT,curve-finance,2201773.0
NaT,curve-finance,3759265.0
NaT,curve-finance,4744228.0
NaT,curve-finance,4722690.0
NaT,curve-finance,4878760.0
NaT,curve-finance,5463582.0
NaT,curve-finance,5858274.0
NaT,curve-finance,5858033.0
NaT,curve-finance,6609923.0
NaT,curve-finance,6922673.0
NaT,curve-finance,7070846.0
NaT,curve-finance,7379504.0
NaT,curve-finance,6546834.0
NaT,curve-finance,6220751.0
NaT,curve-finance,6165412.0
NaT,curve-finance,7728222.0
NaT,curve-finance,8017541.0
NaT,curve-finance,8634720.0
NaT,curve-finance,8502678.0
NaT,curve-finance,8719687.0
NaT,curve-finance,9284550.0
NaT,curve-finance,9389837.0
NaT,curve-finance,9428474.0
NaT,curve-finance,9435472.0
NaT,curve-finance,9879108.0
NaT,curve-finance,9685931.0
NaT,curve-finance,8327827.0
NaT,curve-finance,8677925.0
NaT,curve-finance,9219342.0
NaT,curve-finance,10059294.0
NaT,curve-finance,9750298.0
NaT,curve-finance,9845306.0
NaT,curve-finance,9449456.0
NaT,curve-finance,9733492.0
NaT,curve-finance,9733634.0
NaT,curve-finance,9478976.0
NaT,curve-finance,8861705.0
NaT,curve-finance,8907410.0
NaT,curve-finance,8837491.0
NaT,curve-finance,8308593.0
NaT,curve-finance,8336110.0
NaT,curve-finance,8222028.0
NaT,curve-finance,8245852.0
NaT,curve-finance,8230167.0
NaT,curve-finance,8352047.0
NaT,curve-finance,8296823.0
NaT,curve-finance,8256559.0
NaT,curve-finance,8332824.0
NaT,curve-finance,8403195.0
NaT,curve-finance,8425144.0
NaT,curve-finance,8414112.0
NaT,curve-finance,8612067.0
NaT,curve-finance,8773125.0
NaT,curve-finance,8798742.0
NaT,curve-finance,9201425.0
NaT,curve-finance,8842564.0
NaT,curve-finance,8958124.0
NaT,curve-finance,9345173.0
NaT,curve-finance,8712066.0
NaT,curve-finance,8906671.0
NaT,curve-finance,7932635.0
NaT,curve-finance,7815798.0
NaT,curve-finance,7870971.0
NaT,curve-finance,7998600.0
NaT,curve-finance,6914533.0
NaT,curve-finance,6365744.0
NaT,curve-finance,6268488.0
NaT,curve-finance,7734405.0
NaT,curve-finance,10812138.0
NaT,curve-finance,11405445.0
NaT,curve-finance,12002871.0
NaT,curve-finance,12209819.0
NaT,curve-finance,12344466.0
NaT,curve-finance,12409473.0
NaT,curve-finance,12697303.0
NaT,curve-finance,12553192.0
NaT,curve-finance,12615378.0
NaT,curve-finance,12786795.0
NaT,curve-finance,12955746.0
NaT,curve-finance,12878031.0
NaT,curve-finance,13031401.0
NaT,curve-finance,13939214.0
NaT,curve-finance,14400117.0
NaT,curve-finance,14297036.0
NaT,curve-finance,14378242.0
NaT,curve-finance,13965069.0
NaT,curve-finance,14308016.0
NaT,curve-finance,14363007.0
NaT,curve-finance,14373353.0
NaT,curve-finance,15380944.0
NaT,curve-finance,15379380.0
NaT,curve-finance,15595507.0
NaT,curve-finance,15652181.0
NaT,curve-finance,15527071.0
NaT,curve-finance,15682537.0
NaT,curve-finance,15813509.0
NaT,curve-finance,15705677.0
NaT,curve-finance,15816506.0
NaT,curve-finance,15339331.0
NaT,curve-finance,15091233.0
NaT,curve-finance,15109405.0
NaT,curve-finance,15091761.0
NaT,curve-finance,15108738.0
NaT,curve-finance,15084472.0
NaT,curve-finance,15163289.0
NaT,curve-finance,15328991.0
NaT,curve-finance,15319069.0
NaT,curve-finance,15512141.0
NaT,curve-finance,15146809.0
NaT,curve-finance,15069162.0
NaT,curve-finance,15139177.0
NaT,curve-finance,15163362.0
NaT,curve-finance,15312759.0
NaT,curve-finance,15355030.0
NaT,curve-finance,15433570.0
NaT,curve-finance,15496889.0
NaT,curve-finance,16380139.0
NaT,curve-finance,16682313.0
NaT,curve-finance,17014578.0
NaT,curve-finance,17246158.0
NaT,curve-finance,17183677.0
NaT,curve-finance,16842637.0
NaT,curve-finance,16282542.0
NaT,curve-finance,16228128.0
NaT,curve-finance,17699445.0
NaT,curve-finance,20709987.0
NaT,curve-finance,33528559.0
NaT,curve-finance,36070920.0
NaT,curve-finance,36301201.0
NaT,curve-finance,37549857.0
NaT,curve-finance,43399952.0
NaT,curve-finance,46545535.0
NaT,curve-finance,48450667.0
NaT,curve-finance,50989736.0
NaT,curve-finance,50659646.0
NaT,curve-finance,51160758.0
NaT,curve-finance,50517255.0
NaT,curve-finance,52028684.0
NaT,curve-finance,52583727.0
NaT,curve-finance,56825075.0
NaT,curve-finance,58388016.0
NaT,curve-finance,59171555.0
NaT,curve-finance,61294035.0
NaT,curve-finance,61899813.0
NaT,curve-finance,69866695.0
NaT,curve-finance,71888836.0
NaT,curve-finance,72429385.0
NaT,curve-finance,72625443.0
NaT,curve-finance,76453893.0
NaT,curve-finance,76198020.0
NaT,curve-finance,77813809.0
NaT,curve-finance,79130622.0
NaT,curve-finance,78125418.0
NaT,curve-finance,80716609.0
NaT,curve-finance,115479812.0
NaT,curve-finance,187627170.0
NaT,curve-finance,279570477.0
NaT,curve-finance,304589406.0
NaT,curve-finance,356160454.0
NaT,curve-finance,382427110.0
NaT,curve-finance,351714389.0
NaT,curve-finance,421351743.0
NaT,curve-finance,269344181.0
NaT,curve-finance,213994541.0
NaT,curve-finance,185553428.0
NaT,curve-finance,225947236.0
NaT,curve-finance,272069485.0
NaT,curve-finance,291201881.0
NaT,curve-finance,294379688.0
NaT,curve-finance,314558219.0
NaT,curve-finance,267627907.0
NaT,curve-finance,259457534.0
NaT,curve-finance,262072303.0
NaT,curve-finance,267784990.0
NaT,curve-finance,266663292.0
NaT,curve-finance,259975190.0
NaT,curve-finance,258524351.0
NaT,curve-finance,234764595.0
NaT,curve-finance,211228010.0
NaT,curve-finance,220434136.0
NaT,curve-finance,264489558.0
NaT,curve-finance,825256884.0
NaT,curve-finance,954646456.0
NaT,curve-finance,1038136639.0
NaT,curve-finance,1052295254.0
NaT,curve-finance,1067324773.0
NaT,curve-finance,1064177861.0
NaT,curve-finance,1130757131.0
NaT,curve-finance,1153990079.0
NaT,curve-finance,1157105026.0
NaT,curve-finance,1138863518.0
NaT,curve-finance,1107352994.0
NaT,curve-finance,1190333352.0
NaT,curve-finance,1268358315.0
NaT,curve-finance,1313606303.0
NaT,curve-finance,1342216933.0
NaT,curve-finance,1385686349.0
NaT,curve-finance,1304475468.0
NaT,curve-finance,1100345067.0
NaT,curve-finance,1123816970.0
NaT,curve-finance,1230750904.0
NaT,curve-finance,1249931895.0
NaT,curve-finance,1241678025.0
NaT,curve-finance,1180629681.0
NaT,curve-finance,1042601846.0
NaT,curve-finance,1043253527.0
NaT,curve-finance,1078220455.0
NaT,curve-finance,1104983614.0
NaT,curve-finance,1087582506.0
NaT,curve-finance,1055234556.0
NaT,curve-finance,1072627425.0
NaT,curve-finance,1071111249.0
NaT,curve-finance,1075766281.0
NaT,curve-finance,1087656160.0
NaT,curve-finance,1148460171.0
NaT,curve-finance,1063827886.0
NaT,curve-finance,1141915622.0
NaT,curve-finance,1553240721.0
NaT,curve-finance,1627078087.0
NaT,curve-finance,1519384192.0
NaT,curve-finance,1554863230.0
NaT,curve-finance,1580005997.0
NaT,curve-finance,1643315873.0
NaT,curve-finance,1660304271.0
NaT,curve-finance,1720013610.0
NaT,curve-finance,1623229539.0
NaT,curve-finance,1559326779.0
NaT,curve-finance,1574349659.0
NaT,curve-finance,1548216139.0
NaT,curve-finance,1551088637.0
NaT,curve-finance,1537075020.0
NaT,curve-finance,1555321124.0
NaT,curve-finance,1558894336.0
NaT,curve-finance,1556467950.0
NaT,curve-finance,1516704599.0
NaT,curve-finance,1419572386.0
NaT,curve-finance,1461403878.0
NaT,curve-finance,1545882826.0
NaT,curve-finance,1492042052.0
NaT,curve-finance,1491934802.0
NaT,curve-finance,1485931331.0
NaT,curve-finance,1452096701.0
NaT,curve-finance,1364191252.0
NaT,curve-finance,1321363200.0
NaT,curve-finance,1307985202.0
NaT,curve-finance,1301287422.0
NaT,curve-finance,1299910816.0
NaT,curve-finance,1280991264.0
NaT,curve-finance,1278365920.0
NaT,curve-finance,1179555294.0
NaT,curve-finance,1153243209.0
NaT,curve-finance,1141590533.0
NaT,curve-finance,1143114684.0
NaT,curve-finance,1136381812.0
NaT,curve-finance,840535769.0
NaT,curve-finance,919426180.0
NaT,curve-finance,945772662.0
NaT,curve-finance,963440330.0
NaT,curve-finance,962660806.0
NaT,curve-finance,972692627.0
NaT,curve-finance,982733404.0
NaT,curve-finance,988442749.0
NaT,curve-finance,1008334027.0
NaT,curve-finance,1016191833.0
NaT,curve-finance,1041398391.0
NaT,curve-finance,1028820973.0
NaT,curve-finance,1018210974.0
NaT,curve-finance,1042172150.0
NaT,curve-finance,1081740254.0
NaT,curve-finance,1098766965.0
NaT,curve-finance,1136301029.0
NaT,curve-finance,1148177967.0
NaT,curve-finance,1157150228.0
NaT,curve-finance,1167600457.0
NaT,curve-finance,1180172482.0
NaT,curve-finance,1257033546.0
NaT,curve-finance,1326620802.0
NaT,curve-finance,1351093214.0
NaT,curve-finance,1336270203.0
NaT,curve-finance,1389611229.0
NaT,curve-finance,1373092252.0
NaT,curve-finance,1352960757.0
NaT,curve-finance,1384243786.0
NaT,curve-finance,1408913572.0
NaT,curve-finance,1402824469.0
NaT,curve-finance,1334901651.0
NaT,curve-finance,1344529944.0
NaT,curve-finance,1379020400.0
NaT,curve-finance,1404382846.0
NaT,curve-finance,1423195025.0
NaT,curve-finance,1373804929.0
NaT,curve-finance,1417013884.0
NaT,curve-finance,1458623349.0
NaT,curve-finance,1451764770.0
NaT,curve-finance,1482547453.0
NaT,curve-finance,1497686286.0
NaT,curve-finance,1516333896.0
NaT,curve-finance,1452856074.0
NaT,curve-finance,1461822321.0
NaT,curve-finance,1426103611.0
NaT,curve-finance,1425957948.0
NaT,curve-finance,1454618221.0
NaT,curve-finance,1468426011.0
NaT,curve-finance,1476447341.0
NaT,curve-finance,1498838582.0
NaT,curve-finance,1406202229.0
NaT,curve-finance,1413862012.0
NaT,curve-finance,1396848615.0
NaT,curve-finance,1437280097.0
NaT,curve-finance,1440623602.0
NaT,curve-finance,1424053706.0
NaT,curve-finance,1434988039.0
NaT,curve-finance,1426385891.0
NaT,curve-finance,1441121916.0
NaT,curve-finance,1445397403.0
NaT,curve-finance,1495445029.0
NaT,curve-finance,1477023601.0
NaT,curve-finance,1487944744.0
NaT,curve-finance,1479314229.0
NaT,curve-finance,1401696075.0
NaT,curve-finance,1408240949.0
NaT,curve-finance,1394024550.0
NaT,curve-finance,1461428756.0
NaT,curve-finance,1464588617.0
NaT,curve-finance,1378695159.0
NaT,curve-finance,1525281084.0
NaT,curve-finance,1580650404.0
NaT,curve-finance,1627891336.0
NaT,curve-finance,1671831478.0
NaT,curve-finance,1678369995.0
NaT,curve-finance,1645393127.0
NaT,curve-finance,1557399547.0
NaT,curve-finance,1556546266.0
NaT,curve-finance,1636228484.0
NaT,curve-finance,1665268868.0
NaT,curve-finance,1717934986.0
NaT,curve-finance,1742668295.0
NaT,curve-finance,1789222926.0
NaT,curve-finance,1850735870.0
NaT,curve-finance,1930127825.0
NaT,curve-finance,1943370214.0
NaT,curve-finance,1798349875.0
NaT,curve-finance,1941082966.0
NaT,curve-finance,2027111743.0
NaT,curve-finance,2089771124.0
NaT,curve-finance,2234041412.0
NaT,curve-finance,2294863927.0
NaT,curve-finance,2238194446.0
NaT,curve-finance,2460060621.0
NaT,curve-finance,2512352823.0
NaT,curve-finance,2530194437.0
NaT,curve-finance,2459837323.0
NaT,curve-finance,2566319486.0
NaT,curve-finance,2740543342.0
NaT,curve-finance,2938365025.0
NaT,curve-finance,2984235446.0
NaT,curve-finance,3185764355.0
NaT,curve-finance,3277146253.0
NaT,curve-finance,3284879948.0
NaT,curve-finance,3629438068.0
NaT,curve-finance,3647037944.0
NaT,curve-finance,3583998630.0
NaT,curve-finance,3764112521.0
NaT,curve-finance,3796593247.0
NaT,curve-finance,3766106800.0
NaT,curve-finance,3896139445.0
NaT,curve-finance,3901120425.0
NaT,curve-finance,3916676403.0
NaT,curve-finance,3970380340.0
NaT,curve-finance,3972746519.0
NaT,curve-finance,4078738624.0
NaT,curve-finance,4072795906.0
NaT,curve-finance,4150155545.0
NaT,curve-finance,3938916095.0
NaT,curve-finance,3594753529.0
NaT,curve-finance,3652552023.0
NaT,curve-finance,3562474047.0
NaT,curve-finance,3423155262.0
NaT,curve-finance,3330932344.0
NaT,curve-finance,3280370831.0
NaT,curve-finance,3484399625.0
NaT,curve-finance,3424569619.0
NaT,curve-finance,3657397105.0
NaT,curve-finance,3638586252.0
NaT,curve-finance,3640171678.0
NaT,curve-finance,3632910797.0
NaT,curve-finance,3176588877.0
NaT,curve-finance,3308202373.0
NaT,curve-finance,3529445850.0
NaT,curve-finance,3479506575.0
NaT,curve-finance,3561801934.0
NaT,curve-finance,3710277023.0
NaT,curve-finance,3915513207.0
NaT,curve-finance,3845613381.0
NaT,curve-finance,3776480892.0
NaT,curve-finance,3748851495.0
NaT,curve-finance,3824767962.0
NaT,curve-finance,3771962781.0
NaT,curve-finance,3881322463.0
NaT,curve-finance,3914913050.0
NaT,curve-finance,3837758843.0
NaT,curve-finance,3713199844.0
NaT,curve-finance,3658750417.0
NaT,curve-finance,3546890239.0
NaT,curve-finance,3544036227.0
NaT,curve-finance,3718541887.0
NaT,curve-finance,3752001455.0
NaT,curve-finance,3804461040.0
NaT,curve-finance,3921805758.0
NaT,curve-finance,3986499461.0
NaT,curve-finance,4069517522.0
NaT,curve-finance,4043999845.0
NaT,curve-finance,4142513358.0
NaT,curve-finance,4046334327.0
NaT,curve-finance,4120025383.0
NaT,curve-finance,4163849449.0
NaT,curve-finance,4186515879.0
NaT,curve-finance,4237847787.0
NaT,curve-finance,4435278775.0
NaT,curve-finance,4448607508.0
NaT,curve-finance,4625365727.0
NaT,curve-finance,4597187856.0
NaT,curve-finance,4798874870.0
NaT,curve-finance,5012474759.0
NaT,curve-finance,5118615618.0
NaT,curve-finance,5531130553.0
NaT,curve-finance,5449389078.0
NaT,curve-finance,5364844679.0
NaT,curve-finance,5202726953.0
NaT,curve-finance,5183842895.0
NaT,curve-finance,5297757360.0
NaT,curve-finance,5264886642.0
NaT,curve-finance,5263754547.0
NaT,curve-finance,5181423408.0
NaT,curve-finance,5098590010.0
NaT,curve-finance,5181249897.0
NaT,curve-finance,5519213083.0
NaT,curve-finance,5657698498.0
NaT,curve-finance,5692884456.0
NaT,curve-finance,5812206833.0
NaT,curve-finance,5833541625.0
NaT,curve-finance,6013843909.0
NaT,curve-finance,6251790837.0
NaT,curve-finance,6640546494.0
NaT,curve-finance,6524133510.0
NaT,curve-finance,6898675618.0
NaT,curve-finance,6908734284.0
NaT,curve-finance,7352422281.0
NaT,curve-finance,7878976639.0
NaT,curve-finance,8013407612.0
NaT,curve-finance,7956424192.0
NaT,curve-finance,8158830143.0
NaT,curve-finance,7797144175.0
NaT,curve-finance,7590802154.0
NaT,curve-finance,8314725681.0
NaT,curve-finance,7903869523.0
NaT,curve-finance,7706229903.0
NaT,curve-finance,7433461314.0
NaT,curve-finance,7717551324.0
NaT,curve-finance,7731759153.0
NaT,curve-finance,7104447323.0
NaT,curve-finance,7403183999.0
NaT,curve-finance,6456660784.0
NaT,curve-finance,7126434192.0
NaT,curve-finance,7361892054.0
NaT,curve-finance,7868701215.0
NaT,curve-finance,7851490034.0
NaT,curve-finance,7770168865.0
NaT,curve-finance,7374015147.0
NaT,curve-finance,7601473533.0
NaT,curve-finance,8139501736.0
NaT,curve-finance,8108661643.0
NaT,curve-finance,8724257891.0
NaT,curve-finance,9531753727.0
NaT,curve-finance,9333005231.0
NaT,curve-finance,9549656403.0
NaT,curve-finance,9798873221.0
NaT,curve-finance,9845887195.0
NaT,curve-finance,9649253328.0
NaT,curve-finance,9946189825.0
NaT,curve-finance,9916881194.0
NaT,curve-finance,9872716317.0
NaT,curve-finance,9968637548.0
NaT,curve-finance,10280523423.0
NaT,curve-finance,10644481937.0
NaT,curve-finance,10645549708.0
NaT,curve-finance,10477371822.0
NaT,curve-finance,10461165651.0
NaT,curve-finance,10149404590.0
NaT,curve-finance,10066823987.0
NaT,curve-finance,10205015810.0
NaT,curve-finance,9287431240.0
NaT,curve-finance,8569582874.0
NaT,curve-finance,8908549898.0
NaT,curve-finance,9072815093.0
NaT,curve-finance,8784910186.0
NaT,curve-finance,8794382352.0
NaT,curve-finance,8956342413.0
NaT,curve-finance,9141876653.0
NaT,curve-finance,9204659612.0
NaT,curve-finance,9349440988.0
NaT,curve-finance,9383580034.0
NaT,curve-finance,9565235631.0
NaT,curve-finance,9787656014.0
NaT,curve-finance,10023803509.0
NaT,curve-finance,9912948672.0
NaT,curve-finance,10046790456.0
NaT,curve-finance,9974369702.0
NaT,curve-finance,9711746299.0
NaT,curve-finance,9803658792.0
NaT,curve-finance,9697285570.0
NaT,curve-finance,9762357851.0
NaT,curve-finance,9370796959.0
NaT,curve-finance,9122608656.0
NaT,curve-finance,9110155191.0
NaT,curve-finance,8794048832.0
NaT,curve-finance,8716785201.0
NaT,curve-finance,8620425310.0
NaT,curve-finance,8617252466.0
NaT,curve-finance,8447880170.0
NaT,curve-finance,8328344589.0
NaT,curve-finance,8673846898.0
NaT,curve-finance,8753967330.0
NaT,curve-finance,8858501273.0
NaT,curve-finance,9101867024.0
NaT,curve-finance,9150164935.0
NaT,curve-finance,9442785894.0
NaT,curve-finance,9507415322.0
NaT,curve-finance,9504131362.0
NaT,curve-finance,9628963657.0
NaT,curve-finance,9733721624.0
NaT,curve-finance,9801794171.0
NaT,curve-finance,9749446609.0
NaT,curve-finance,9949110040.0
NaT,curve-finance,9723553901.0
NaT,curve-finance,9998075536.0
NaT,curve-finance,9964679268.0
NaT,curve-finance,10150507013.0
NaT,curve-finance,10683084351.0
NaT,curve-finance,10525133196.0
NaT,curve-finance,10860926140.0
NaT,curve-finance,10951051085.0
NaT,curve-finance,10911917632.0
NaT,curve-finance,10892902668.0
NaT,curve-finance,11530336104.0
NaT,curve-finance,11460263617.0
NaT,curve-finance,11543259032.0
NaT,curve-finance,11325656717.0
NaT,curve-finance,11020600095.0
NaT,curve-finance,11565602390.0
NaT,curve-finance,11819101066.0
NaT,curve-finance,12112810627.0
NaT,curve-finance,12155794167.0
NaT,curve-finance,12124200439.0
NaT,curve-finance,12400070090.0
NaT,curve-finance,12158650474.0
NaT,curve-finance,12254264037.0
NaT,curve-finance,12064373005.0
NaT,curve-finance,12395750259.0
NaT,curve-finance,12564770942.0
NaT,curve-finance,12522901751.0
NaT,curve-finance,12405019691.0
NaT,curve-finance,12750026521.0
NaT,curve-finance,13489322937.0
NaT,curve-finance,13647966148.0
NaT,curve-finance,13801844967.0
NaT,curve-finance,13833761759.0
NaT,curve-finance,14054273965.0
NaT,curve-finance,14086439562.0
NaT,curve-finance,13031828099.0
NaT,curve-finance,13234753345.0
NaT,curve-finance,12716527540.0
NaT,curve-finance,12464497874.0
NaT,curve-finance,12725614333.0
NaT,curve-finance,13077147453.0
NaT,curve-finance,12900114533.0
NaT,curve-finance,13294592152.0
NaT,curve-finance,14027446017.0
NaT,curve-finance,14236557608.0
NaT,curve-finance,14213015723.0
NaT,curve-finance,14179680975.0
NaT,curve-finance,14077797370.0
NaT,curve-finance,13258192064.0
NaT,curve-finance,12678622749.0
NaT,curve-finance,13388346271.0
NaT,curve-finance,13823503815.0
NaT,curve-finance,13352967202.0
NaT,curve-finance,13456846817.0
NaT,curve-finance,13761983402.0
NaT,curve-finance,13579430779.0
NaT,curve-finance,13366448150.0
NaT,curve-finance,13446319093.0
NaT,curve-finance,13680499254.0
NaT,curve-finance,14346088122.0
NaT,curve-finance,14489019639.0
NaT,curve-finance,14657832062.0
NaT,curve-finance,14797090146.0
NaT,curve-finance,15409551026.0
NaT,curve-finance,15449160412.0
NaT,curve-finance,15654371585.0
NaT,curve-finance,15770564279.0
NaT,curve-finance,15909366272.0
NaT,curve-finance,15971548164.0
NaT,curve-finance,15763588195.0
NaT,curve-finance,15921362174.0
NaT,curve-finance,16047284494.0
NaT,curve-finance,16375543078.0
NaT,curve-finance,16895087543.0
NaT,curve-finance,17291199026.0
NaT,curve-finance,17135237705.0
NaT,curve-finance,17354611083.0
NaT,curve-finance,17100679406.0
NaT,curve-finance,17414558946.0
NaT,curve-finance,18098786649.0
NaT,curve-finance,17768956238.0
NaT,curve-finance,17562949065.0
NaT,curve-finance,17926354261.0
NaT,curve-finance,17830053509.0
NaT,curve-finance,18186385212.0
NaT,curve-finance,18539644260.0
NaT,curve-finance,18264143173.0
NaT,curve-finance,18920652591.0
NaT,curve-finance,18981669015.0
NaT,curve-finance,19283974827.0
NaT,curve-finance,19275353528.0
NaT,curve-finance,19515849127.0
NaT,curve-finance,20042083749.0
NaT,curve-finance,20127849711.0
NaT,curve-finance,19796997827.0
NaT,curve-finance,19811418159.0
NaT,curve-finance,20064776748.0
NaT,curve-finance,20781037490.0
NaT,curve-finance,21022188317.0
NaT,curve-finance,20915492059.0
NaT,curve-finance,20528661949.0
NaT,curve-finance,20865082142.0
NaT,curve-finance,20842743096.0
NaT,curve-finance,21122222630.0
NaT,curve-finance,21292507560.0
NaT,curve-finance,20905443933.0
NaT,curve-finance,20353466166.0
NaT,curve-finance,20652471921.0
NaT,curve-finance,20263226942.0
NaT,curve-finance,20726721224.0
NaT,curve-finance,21024594033.0
NaT,curve-finance,20627678305.0
NaT,curve-finance,20229370480.0
NaT,curve-finance,20710630214.0
NaT,curve-finance,20673837026.0
NaT,curve-finance,21131470755.0
NaT,curve-finance,20248566680.0
NaT,curve-finance,20169854795.0
NaT,curve-finance,20529840898.0
NaT,curve-finance,21071065035.0
NaT,curve-finance,21512403820.0
NaT,curve-finance,21479096121.0
NaT,curve-finance,21475675815.0
NaT,curve-finance,20879271204.0
NaT,curve-finance,20071785860.0
NaT,curve-finance,20179596873.0
NaT,curve-finance,20806093724.0
NaT,curve-finance,20896648940.0
NaT,curve-finance,21257617442.0
NaT,curve-finance,20847635356.0
NaT,curve-finance,20860338916.0
NaT,curve-finance,21386648825.0
NaT,curve-finance,21622747965.0
NaT,curve-finance,20984550142.0
NaT,curve-finance,21063817967.0
NaT,curve-finance,21531785885.0
NaT,curve-finance,21468133023.0
NaT,curve-finance,21351351010.0
NaT,curve-finance,21838388406.0
NaT,curve-finance,21774352205.0
NaT,curve-finance,21786445859.0
NaT,curve-finance,22108987194.0
NaT,curve-finance,22114844059.0
NaT,curve-finance,22720530115.0
NaT,curve-finance,22667722502.0
NaT,curve-finance,23212298594.0
NaT,curve-finance,23320065319.0
NaT,curve-finance,23295430273.0
NaT,curve-finance,22968484731.0
NaT,curve-finance,23037219668.0
NaT,curve-finance,23073479403.0
NaT,curve-finance,23247198884.0
NaT,curve-finance,23814974559.0
NaT,curve-finance,23999100642.0
NaT,curve-finance,24149202343.0
NaT,curve-finance,24297993413.0
NaT,curve-finance,23845224982.0
NaT,curve-finance,23505016463.0
NaT,curve-finance,23038591881.0
NaT,curve-finance,22703349789.0
NaT,curve-finance,22815463092.0
NaT,curve-finance,22968394479.0
NaT,curve-finance,23261546601.0
NaT,curve-finance,23454373458.0
NaT,curve-finance,23436781725.0
NaT,curve-finance,23382965166.0
NaT,curve-finance,23419705152.0
NaT,curve-finance,23355529546.0
NaT,curve-finance,23179400536.0
NaT,curve-finance,23063785655.0
NaT,curve-finance,22832696493.0
NaT,curve-finance,22362572590.0
NaT,curve-finance,20747769363.0
NaT,curve-finance,19520067932.0
NaT,curve-finance,19462954457.0
NaT,curve-finance,18943837427.0
NaT,curve-finance,19379065443.0
NaT,curve-finance,19452807168.0
NaT,curve-finance,17302133239.0
NaT,curve-finance,16825457344.0
NaT,curve-finance,17121127106.0
NaT,curve-finance,17197457677.0
NaT,curve-finance,17569797132.0
NaT,curve-finance,18050126915.0
NaT,curve-finance,17859736673.0
NaT,curve-finance,18140571842.0
NaT,curve-finance,18965338164.0
NaT,curve-finance,19156898528.0
NaT,curve-finance,19329333498.0
NaT,curve-finance,19436904677.0
NaT,curve-finance,19587762903.0
NaT,curve-finance,19937965979.0
NaT,curve-finance,19835171947.0
NaT,curve-finance,19673822645.0
NaT,curve-finance,19624390597.0
NaT,curve-finance,19548314292.0
NaT,curve-finance,19433599424.0
NaT,curve-finance,19876632310.0
NaT,curve-finance,19863330901.0
NaT,curve-finance,19487744399.0
NaT,curve-finance,19276369090.0
NaT,curve-finance,19244545329.0
NaT,curve-finance,18904302438.0
NaT,curve-finance,18693641019.0
NaT,curve-finance,18761543652.0
NaT,curve-finance,18430521631.0
NaT,curve-finance,17872220666.0
NaT,curve-finance,17875208355.0
NaT,curve-finance,17890599853.0
NaT,curve-finance,17548896388.0
NaT,curve-finance,18235461953.0
NaT,curve-finance,18345328554.0
NaT,curve-finance,18670926538.0
NaT,curve-finance,18072166989.0
NaT,curve-finance,17805997717.0
NaT,curve-finance,17949425018.0
NaT,curve-finance,17739216686.0
NaT,curve-finance,17630804050.0
NaT,curve-finance,17706443087.0
NaT,curve-finance,18032110942.0
NaT,curve-finance,17798597843.0
NaT,curve-finance,17735761450.0
NaT,curve-finance,17728674008.0
NaT,curve-finance,17566857851.0
NaT,curve-finance,17783150975.0
NaT,curve-finance,17785458448.0
NaT,curve-finance,18089597632.0
NaT,curve-finance,18378914383.0
NaT,curve-finance,18561934919.0
NaT,curve-finance,18488480981.0
NaT,curve-finance,18297300903.0
NaT,curve-finance,19971794578.0
NaT,curve-finance,20369705065.0
NaT,curve-finance,20451454427.0
NaT,curve-finance,20200372402.0
NaT,curve-finance,19932947733.0
NaT,curve-finance,20097872052.0
NaT,curve-finance,20401155982.0
NaT,curve-finance,20408734591.0
NaT,curve-finance,20750536564.0
NaT,curve-finance,21009165365.0
NaT,curve-finance,20763107934.0
NaT,curve-finance,21338121163.0
NaT,curve-finance,21172116486.0
NaT,curve-finance,21268264149.0
NaT,curve-finance,21181660676.0
NaT,curve-finance,20715596044.0
NaT,curve-finance,20394349973.0
NaT,curve-finance,20459049249.0
NaT,curve-finance,20463597597.0
NaT,curve-finance,20614268662.0
NaT,curve-finance,20642334679.0
NaT,curve-finance,20077853999.0
NaT,curve-finance,20233373391.0
NaT,curve-finance,20490956251.0
NaT,curve-finance,20196397148.0
NaT,curve-finance,20269606180.0
NaT,curve-finance,20468692640.0
NaT,curve-finance,20365759184.0
NaT,curve-finance,20729997900.0
NaT,curve-finance,20816392339.0
NaT,curve-finance,20660999495.0
NaT,curve-finance,20242197450.0
NaT,curve-finance,19908741241.0
NaT,curve-finance,19823065505.0
NaT,curve-finance,19791261327.0
NaT,curve-finance,20101023410.0
NaT,curve-finance,19424160616.0
NaT,curve-finance,19732119267.0
NaT,curve-finance,19806453620.0
NaT,curve-finance,19528676972.0
NaT,curve-finance,18986757979.0
NaT,curve-finance,18922741569.0
NaT,curve-finance,18841347470.0
NaT,curve-finance,18824652795.0
NaT,curve-finance,19319723125.0
NaT,curve-finance,18643957792.0
NaT,curve-finance,18509515624.0
NaT,curve-finance,17489898651.0
NaT,curve-finance,17169439652.0
NaT,curve-finance,15754691831.0
NaT,curve-finance,15452905855.0
NaT,curve-finance,12286840809.0
NaT,curve-finance,9066744284.0
NaT,curve-finance,8774338485.0
NaT,curve-finance,8586518887.0
NaT,curve-finance,8928101310.0
NaT,curve-finance,8729057795.0
NaT,curve-finance,8866190047.0
NaT,curve-finance,8405638430.0
NaT,curve-finance,8821019209.0
NaT,curve-finance,8920369686.0
NaT,curve-finance,8934157094.0
NaT,curve-finance,9066636149.0
NaT,curve-finance,9006129986.0
NaT,curve-finance,9121630548.0
NaT,curve-finance,9121429316.0
NaT,curve-finance,8760694193.0
NaT,curve-finance,8385722160.0
NaT,curve-finance,8489291041.0
NaT,curve-finance,8467276436.0
NaT,curve-finance,8926109100.0
NaT,curve-finance,8906974574.0
NaT,curve-finance,8820742827.0
NaT,curve-finance,8894354545.0
NaT,curve-finance,8688514377.0
NaT,curve-finance,8695125167.0
NaT,curve-finance,8766294750.0
NaT,curve-finance,8601093684.0
NaT,curve-finance,8552204165.0
NaT,curve-finance,8652391145.0
NaT,curve-finance,8586590994.0
NaT,curve-finance,7821806626.0
NaT,curve-finance,7487979850.0
NaT,curve-finance,7216537299.0
NaT,curve-finance,6324716699.0
NaT,curve-finance,5816273861.0
NaT,curve-finance,5637047376.0
NaT,curve-finance,5355537406.0
NaT,curve-finance,5312926324.0
NaT,curve-finance,4936096984.0
NaT,curve-finance,5041250909.0
NaT,curve-finance,5089718843.0
NaT,curve-finance,5066874778.0
NaT,curve-finance,5037288953.0
NaT,curve-finance,5103974070.0
NaT,curve-finance,5189701760.0
NaT,curve-finance,5157188680.0
NaT,curve-finance,5135375107.0
NaT,curve-finance,5091267357.0
NaT,curve-finance,5047294676.0
NaT,curve-finance,4969954889.0
NaT,curve-finance,4949546115.0
NaT,curve-finance,4975301415.0
NaT,curve-finance,4961054779.0
NaT,curve-finance,4994744068.0
NaT,curve-finance,5087606931.0
NaT,curve-finance,5114177877.0
NaT,curve-finance,5217525716.0
NaT,curve-finance,5252937892.0
NaT,curve-finance,5254535808.0
NaT,curve-finance,5297948079.0
NaT,curve-finance,5226289663.0
NaT,curve-finance,5077248300.0
NaT,curve-finance,5020182537.0
NaT,curve-finance,5112191464.0
NaT,curve-finance,5252916006.0
NaT,curve-finance,5319860006.0
NaT,curve-finance,4929348412.0
NaT,curve-finance,4954731880.0
NaT,curve-finance,5287261363.0
NaT,curve-finance,5345116856.0
NaT,curve-finance,5370441780.0
NaT,curve-finance,5464700154.0
NaT,curve-finance,5541386837.0
NaT,curve-finance,5649116848.0
NaT,curve-finance,5717290409.0
NaT,curve-finance,5558768364.0
NaT,curve-finance,5580738847.0
NaT,curve-finance,5805105413.0
NaT,curve-finance,5982082259.0
NaT,curve-finance,6066446710.0
NaT,curve-finance,6031359734.0
NaT,curve-finance,6032011050.0
NaT,curve-finance,5986786041.0
NaT,curve-finance,5959905480.0
NaT,curve-finance,6014335296.0
NaT,curve-finance,5947173565.0
NaT,curve-finance,6127837390.0
NaT,curve-finance,6079420649.0
NaT,curve-finance,6075356908.0
NaT,curve-finance,6170017659.0
NaT,curve-finance,5985269214.0
NaT,curve-finance,6245782424.0
NaT,curve-finance,6269829961.0
NaT,curve-finance,6206052451.0
NaT,curve-finance,6276741311.0
NaT,curve-finance,6196496556.0
NaT,curve-finance,6151527791.0
NaT,curve-finance,6169929018.0
NaT,curve-finance,6110643565.0
NaT,curve-finance,6078704770.0
NaT,curve-finance,5859594517.0
NaT,curve-finance,5783652198.0
NaT,curve-finance,5812640076.0
NaT,curve-finance,5853119892.0
NaT,curve-finance,5859617241.0
NaT,curve-finance,5893030751.0
NaT,curve-finance,5914593207.0
NaT,curve-finance,5730334816.0
NaT,curve-finance,5684052517.0
NaT,curve-finance,5596731726.0
NaT,curve-finance,5796025360.0
NaT,curve-finance,5795410736.0
NaT,curve-finance,5802536307.0
NaT,curve-finance,5812198043.0
NaT,curve-finance,5759088482.0
NaT,curve-finance,5753400437.0
NaT,curve-finance,5769220618.0
NaT,curve-finance,5826353248.0
NaT,curve-finance,5514254204.0
NaT,curve-finance,5581711682.0
NaT,curve-finance,5577390517.0
NaT,curve-finance,5634160008.0
NaT,curve-finance,5700926442.0
NaT,curve-finance,5638157054.0
NaT,curve-finance,5539752365.0
NaT,curve-finance,5235511020.0
NaT,curve-finance,5018303142.0
NaT,curve-finance,5037081819.0
NaT,curve-finance,5156693795.0
NaT,curve-finance,5252310723.0
NaT,curve-finance,5222407257.0
NaT,curve-finance,5283022460.0
NaT,curve-finance,5661008882.0
NaT,curve-finance,5483361416.0
NaT,curve-finance,5613991062.0
NaT,curve-finance,5668885977.0
NaT,curve-finance,5690100714.0
NaT,curve-finance,5705781997.0
NaT,curve-finance,5971842400.0
NaT,curve-finance,6013725276.0
NaT,curve-finance,6054840494.0
NaT,curve-finance,6070207990.0
NaT,curve-finance,6045354389.0
NaT,curve-finance,6058572970.0
NaT,curve-finance,5991878465.0
NaT,curve-finance,6079377057.0
NaT,curve-finance,6104210351.0
NaT,curve-finance,6042068902.0
NaT,curve-finance,6051482368.0
NaT,curve-finance,6022685631.0
NaT,curve-finance,6012602789.0
NaT,curve-finance,5995442046.0
NaT,curve-finance,5928657050.0
NaT,curve-finance,5931042250.0
NaT,curve-finance,5833896537.0
NaT,curve-finance,5867327283.0
NaT,curve-finance,5835363635.0
NaT,curve-finance,5818537124.0
NaT,curve-finance,5852090807.0
NaT,curve-finance,5910444405.0
NaT,curve-finance,5852298485.0
NaT,curve-finance,5764386660.0
NaT,curve-finance,5712440739.0
NaT,curve-finance,5680861629.0
NaT,curve-finance,5718348428.0
NaT,curve-finance,5787361599.0
NaT,curve-finance,5611140099.0
NaT,curve-finance,5784371009.0
NaT,curve-finance,5877111682.0
NaT,curve-finance,5814183176.0
NaT,curve-finance,5861430314.0
NaT,curve-finance,6009149484.0
NaT,curve-finance,5949137470.0
NaT,curve-finance,5923563649.0
NaT,curve-finance,5952143429.0
NaT,curve-finance,5864915747.0
NaT,curve-finance,5888904327.0
NaT,curve-finance,6049685454.0
NaT,curve-finance,5982754845.0
NaT,curve-finance,5910123239.0
NaT,curve-finance,5320015002.0
NaT,curve-finance,4829132979.0
NaT,curve-finance,4204429643.0
NaT,curve-finance,3934193497.0
NaT,curve-finance,3900633122.0
NaT,curve-finance,3800905440.0
NaT,curve-finance,3703834139.0
NaT,curve-finance,3723808310.0
NaT,curve-finance,3782175973.0
NaT,curve-finance,3769684683.0
NaT,curve-finance,3744984592.0
NaT,curve-finance,3781586272.0
NaT,curve-finance,3806033195.0
NaT,curve-finance,3705128380.0
NaT,curve-finance,3709476041.0
NaT,curve-finance,3689948271.0
NaT,curve-finance,3702042073.0
NaT,curve-finance,3594585683.0
NaT,curve-finance,3599938785.0
NaT,curve-finance,3614778783.0
NaT,curve-finance,3606266514.0
NaT,curve-finance,3602131369.0
NaT,curve-finance,3657622721.0
NaT,curve-finance,3731775126.0
NaT,curve-finance,3694066083.0
NaT,curve-finance,3725171833.0
NaT,curve-finance,3681750604.0
NaT,curve-finance,3717574468.0
NaT,curve-finance,3708622453.0
NaT,curve-finance,3716370326.0
NaT,curve-finance,3704004209.0
NaT,curve-finance,3732742649.0
NaT,curve-finance,3776430645.0
NaT,curve-finance,3777686689.0
NaT,curve-finance,3773731263.0
NaT,curve-finance,3772187633.0
NaT,curve-finance,3804907194.0
NaT,curve-finance,3814033872.0
NaT,curve-finance,3787164733.0
NaT,curve-finance,3673578925.0
NaT,curve-finance,3689853859.0
NaT,curve-finance,3694928612.0
NaT,curve-finance,3694928612.0
NaT,curve-finance,3694928612.0
NaT,curve-finance,3631860379.0
NaT,curve-finance,3638634297.0
NaT,curve-finance,3702821494.0
NaT,curve-finance,3694096967.0
NaT,curve-finance,3636781242.0
NaT,curve-finance,3634212106.0
NaT,curve-finance,3638730582.0
NaT,curve-finance,3614321105.0
NaT,curve-finance,3621648248.0
NaT,curve-finance,3611001670.0
NaT,curve-finance,3600588199.0
NaT,curve-finance,3605494597.0
NaT,curve-finance,3632736501.0
NaT,curve-finance,3640002729.0
NaT,curve-finance,3663339389.0
NaT,curve-finance,3657613686.0
NaT,curve-finance,3687572070.0
NaT,curve-finance,3688933335.0
NaT,curve-finance,3732591435.0
NaT,curve-finance,3861649129.0
NaT,curve-finance,3874072093.0
NaT,curve-finance,3943612849.0
NaT,curve-finance,3968446037.0
NaT,curve-finance,4221097306.0
NaT,curve-finance,4200330811.0
NaT,curve-finance,4258849737.0
NaT,curve-finance,4302892242.0
NaT,curve-finance,4375081669.0
NaT,curve-finance,4301668803.0
NaT,curve-finance,4366863691.0
NaT,curve-finance,4565164012.0
NaT,curve-finance,4545089031.0
NaT,curve-finance,4558401433.0
NaT,curve-finance,4570506534.0
NaT,curve-finance,4684086791.0
NaT,curve-finance,4766773245.0
NaT,curve-finance,4736960462.0
NaT,curve-finance,4785270904.0
NaT,curve-finance,4765380062.0
NaT,curve-finance,4855000033.0
NaT,curve-finance,4739574205.0
NaT,curve-finance,4743953648.0
NaT,curve-finance,4942208396.0
NaT,curve-finance,4904593978.0
NaT,curve-finance,4957230584.0
NaT,curve-finance,4939570396.0
NaT,curve-finance,4891052230.0
NaT,curve-finance,4901808022.0
NaT,curve-finance,4989272444.0
NaT,curve-finance,4949881459.0
NaT,curve-finance,4776595476.0
NaT,curve-finance,4733454673.0
NaT,curve-finance,4763996844.0
NaT,curve-finance,4780683170.0
NaT,curve-finance,4764524468.0
NaT,curve-finance,4824012764.0
NaT,curve-finance,5047492984.0
NaT,curve-finance,4973394389.0
NaT,curve-finance,5048517875.0
NaT,curve-finance,5055671877.0
NaT,curve-finance,5015029022.0
NaT,curve-finance,5068047782.0
NaT,curve-finance,4978669037.0
NaT,curve-finance,4950181021.0
NaT,curve-finance,4965920261.0
NaT,curve-finance,4889496683.0
NaT,curve-finance,4867642410.0
NaT,curve-finance,4940641239.0
NaT,curve-finance,4930628785.0
NaT,curve-finance,5010323821.0
NaT,curve-finance,5131540550.0
NaT,curve-finance,5128780534.0
NaT,curve-finance,4993450113.0
NaT,curve-finance,4986670743.0
NaT,curve-finance,4964653622.0
NaT,curve-finance,4958400440.0
NaT,curve-finance,4934194451.0
NaT,curve-finance,4854372985.0
NaT,curve-finance,4633725772.0
NaT,curve-finance,4530688970.0
NaT,curve-finance,3875405468.0
NaT,curve-finance,4024964222.0
NaT,curve-finance,4155009592.0
NaT,curve-finance,4224531379.0
NaT,curve-finance,4147584652.0
NaT,curve-finance,4267781954.0
NaT,curve-finance,4474330985.0
NaT,curve-finance,4460485996.0
NaT,curve-finance,4493107437.0
NaT,curve-finance,4638972439.0
NaT,curve-finance,4731848994.0
NaT,curve-finance,4618759222.0
NaT,curve-finance,4728886279.0
NaT,curve-finance,4639953734.0
NaT,curve-finance,4643622237.0
NaT,curve-finance,4647217403.0
NaT,curve-finance,4571638267.0
NaT,curve-finance,4625326718.0
NaT,curve-finance,4656828267.0
NaT,curve-finance,4673833628.0
NaT,curve-finance,4673929857.0
NaT,curve-finance,4655209308.0
NaT,curve-finance,4609758671.0
NaT,curve-finance,4623961040.0
NaT,curve-finance,4765872875.0
NaT,curve-finance,4760855748.0
NaT,curve-finance,4734598991.0
NaT,curve-finance,4695123221.0
NaT,curve-finance,4676582714.0
NaT,curve-finance,4657435912.0
NaT,curve-finance,4743273330.0
NaT,curve-finance,4724555648.0
NaT,curve-finance,4736830796.0
NaT,curve-finance,4912710221.0
NaT,curve-finance,4893428967.0
NaT,curve-finance,4892784221.0
NaT,curve-finance,4789632587.0
NaT,curve-finance,4507657981.0
NaT,curve-finance,4590280627.0
NaT,curve-finance,4564247167.0
NaT,curve-finance,4570804085.0
NaT,curve-finance,4430895399.0
NaT,curve-finance,4434884319.0
NaT,curve-finance,4417469185.0
NaT,curve-finance,4410321950.0
NaT,curve-finance,4387817280.0
NaT,curve-finance,4442961354.0
NaT,curve-finance,4442408771.0
NaT,curve-finance,4341808136.0
NaT,curve-finance,4359299673.0
NaT,curve-finance,4304127792.0
NaT,curve-finance,4249815678.0
NaT,curve-finance,4329897648.0
NaT,curve-finance,4401587889.0
NaT,curve-finance,4364561336.0
NaT,curve-finance,4469313059.0
NaT,curve-finance,4377325767.0
NaT,curve-finance,4337081277.0
NaT,curve-finance,4278857007.0
NaT,curve-finance,4283948742.0
NaT,curve-finance,4290114135.0
NaT,curve-finance,4206804080.0
NaT,curve-finance,4216545596.0
NaT,curve-finance,4188725111.0
NaT,curve-finance,4180254092.0
NaT,curve-finance,4224895707.0
NaT,curve-finance,4227714882.0
NaT,curve-finance,4228925275.0
NaT,curve-finance,4202173037.0
NaT,curve-finance,4196638625.0
NaT,curve-finance,4241661268.0
NaT,curve-finance,4193693172.0
NaT,curve-finance,4224699115.0
NaT,curve-finance,4258329999.0
NaT,curve-finance,4190615694.0
NaT,curve-finance,4207192481.0
NaT,curve-finance,4249094586.0
NaT,curve-finance,4271550899.0
NaT,curve-finance,4351933690.0
NaT,curve-finance,4312736102.0
NaT,curve-finance,4246263003.0
NaT,curve-finance,4202374030.0
NaT,curve-finance,4192917652.0
NaT,curve-finance,4245140557.0
NaT,curve-finance,4236643396.0
NaT,curve-finance,4228572744.0
NaT,curve-finance,4117860808.0
NaT,curve-finance,4182534895.0
NaT,curve-finance,4086848027.0
NaT,curve-finance,4097013823.0
NaT,curve-finance,4017799039.0
NaT,curve-finance,4024036169.0
NaT,curve-finance,3902835747.0
NaT,curve-finance,3885618133.0
NaT,curve-finance,3880564662.0
NaT,curve-finance,3777558645.0
NaT,curve-finance,3698453608.0
NaT,curve-finance,3764207405.0
NaT,curve-finance,3778323754.0
NaT,curve-finance,3775571694.0
NaT,curve-finance,3707204226.0
NaT,curve-finance,3773056040.0
NaT,curve-finance,3889491601.0
NaT,curve-finance,3851336248.0
NaT,curve-finance,3852585713.0
NaT,curve-finance,3857859112.0
NaT,curve-finance,3874291125.0
NaT,curve-finance,3838264824.0
NaT,curve-finance,3828148281.0
NaT,curve-finance,3772124565.0
NaT,curve-finance,3804973774.0
NaT,curve-finance,3884681611.0
NaT,curve-finance,3864542396.0
NaT,curve-finance,3876044697.0
NaT,curve-finance,3826197441.0
NaT,curve-finance,3805070357.0
NaT,curve-finance,3743715156.0
NaT,curve-finance,3696299837.0
NaT,curve-finance,3721402372.0
NaT,curve-finance,3719139071.0
NaT,curve-finance,3720866170.0
NaT,curve-finance,3756636800.0
NaT,curve-finance,3765661230.0
NaT,curve-finance,3743830062.0
NaT,curve-finance,3741181212.0
NaT,curve-finance,3625514132.0
NaT,curve-finance,3628892954.0
NaT,curve-finance,3608272668.0
NaT,curve-finance,3580334207.0
NaT,curve-finance,3518988259.0
NaT,curve-finance,3501264247.0
NaT,curve-finance,3483248322.0
NaT,curve-finance,3436276241.0
NaT,curve-finance,3277390633.0
NaT,curve-finance,3292079745.0
NaT,curve-finance,3245059185.0
NaT,curve-finance,3245469090.0
NaT,curve-finance,3254635245.0
NaT,curve-finance,3240841958.0
NaT,curve-finance,3253135663.0
NaT,curve-finance,3265606173.0
NaT,curve-finance,1841766037.0
NaT,curve-finance,1685261124.0
NaT,curve-finance,1713430757.0
NaT,curve-finance,1811596238.0
NaT,curve-finance,2344511789.0
NaT,curve-finance,2363153214.0
NaT,curve-finance,2363661050.0
NaT,curve-finance,2394410847.0
NaT,curve-finance,2407389679.0
NaT,curve-finance,2420422218.0
NaT,curve-finance,2440574607.0
NaT,curve-finance,2434535774.0
NaT,curve-finance,2426639474.0
NaT,curve-finance,2410343238.0
NaT,curve-finance,2404066347.0
NaT,curve-finance,2414441131.0
NaT,curve-finance,2401038307.0
NaT,curve-finance,2365443537.0
NaT,curve-finance,2279232915.0
NaT,curve-finance,2278526977.0
NaT,curve-finance,2296172429.0
NaT,curve-finance,2308505973.0
NaT,curve-finance,2398363872.0
NaT,curve-finance,2372988297.0
NaT,curve-finance,2403379813.0
NaT,curve-finance,2387767242.0
NaT,curve-finance,2399380781.0
NaT,curve-finance,2395504236.0
NaT,curve-finance,2406326921.0
NaT,curve-finance,2407828587.0
NaT,curve-finance,2425642088.0
NaT,curve-finance,2393098757.0
NaT,curve-finance,2333520835.0
NaT,curve-finance,2332753219.0
NaT,curve-finance,2334347590.0
NaT,curve-finance,2353182179.0
NaT,curve-finance,2301043905.0
NaT,curve-finance,2314849844.0
NaT,curve-finance,2220807247.0
NaT,curve-finance,2230538697.0
NaT,curve-finance,2230763144.0
NaT,curve-finance,2219500594.0
NaT,curve-finance,2202114022.0
NaT,curve-finance,2153909813.0
NaT,curve-finance,2160803808.0
NaT,curve-finance,2152313854.0
NaT,curve-finance,2158187514.0
NaT,curve-finance,2161928695.0
NaT,curve-finance,2159404776.0
NaT,curve-finance,2162716140.0
NaT,curve-finance,2169273174.0
NaT,curve-finance,2164489571.0
NaT,curve-finance,2139679276.0
NaT,curve-finance,2117376179.0
NaT,curve-finance,2127469133.0
NaT,curve-finance,2120157536.0
NaT,curve-finance,2118659749.0
NaT,curve-finance,2117905062.0
NaT,curve-finance,2137339719.0
NaT,curve-finance,2112984599.0
NaT,curve-finance,2096768259.0
NaT,curve-finance,2112252757.0
NaT,curve-finance,2112104798.0
NaT,curve-finance,2146930702.0
NaT,curve-finance,2112673011.0
NaT,curve-finance,2096106190.0
NaT,curve-finance,2107649660.0
NaT,curve-finance,2089303609.0
NaT,curve-finance,2097854858.0
NaT,curve-finance,2096229872.0
NaT,curve-finance,2096889717.0
NaT,curve-finance,2034000625.0
NaT,curve-finance,1762239400.0
NaT,curve-finance,1719095879.0
NaT,curve-finance,1711052547.0
NaT,curve-finance,1743966683.0
NaT,curve-finance,1743785396.0
NaT,curve-finance,1745046261.0
NaT,curve-finance,1755936252.0
NaT,curve-finance,1729190855.0
NaT,curve-finance,1678911158.0
NaT,curve-finance,1694740379.0
NaT,curve-finance,1698319609.0
NaT,curve-finance,1708826613.0
NaT,curve-finance,1733611257.0
NaT,curve-finance,1800074743.0
NaT,curve-finance,1811507296.0
NaT,curve-finance,1817489179.0
NaT,curve-finance,1826481024.0
NaT,curve-finance,1816842728.0
NaT,curve-finance,1818577402.0
NaT,curve-finance,1836767531.0
NaT,curve-finance,1853359624.0
NaT,curve-finance,1845472934.0
NaT,curve-finance,1873669519.0
NaT,curve-finance,1847276144.0
NaT,curve-finance,1916330656.0
NaT,curve-finance,1913406580.0
NaT,curve-finance,1913338225.0
NaT,curve-finance,1931061110.0
NaT,curve-finance,1913315567.0
NaT,curve-finance,1909907913.0
NaT,curve-finance,1993720250.0
NaT,curve-finance,1998596255.0
NaT,curve-finance,1978133608.0
NaT,curve-finance,1990449290.0
NaT,curve-finance,1961269517.0
NaT,curve-finance,1928478322.0
NaT,curve-finance,2031197266.0
NaT,curve-finance,1960972326.0
NaT,curve-finance,1961793161.0
NaT,curve-finance,1965646350.0
NaT,curve-finance,1994120051.0
NaT,curve-finance,1991911937.0
NaT,curve-finance,1925476953.0
NaT,curve-finance,2022060308.0
NaT,curve-finance,2003111880.0
NaT,curve-finance,2036145789.0
NaT,curve-finance,2013259903.0
NaT,curve-finance,2022678962.0
NaT,curve-finance,1990205425.0
NaT,curve-finance,1994519068.0
NaT,curve-finance,1976180978.0
NaT,curve-finance,1972640462.0
NaT,curve-finance,1998333339.0
NaT,curve-finance,2040288165.0
NaT,curve-finance,2066025240.0
NaT,curve-finance,2084068915.0
NaT,curve-finance,2109031179.0
NaT,curve-finance,2059086030.0
NaT,curve-finance,2089650556.0
NaT,curve-finance,2092453008.0
NaT,curve-finance,2054814002.0
NaT,curve-finance,2050304577.0
NaT,curve-finance,1947298887.0
NaT,curve-finance,1932213842.0
NaT,curve-finance,1952374211.0
NaT,curve-finance,1972847207.0
NaT,curve-finance,1877555054.0
NaT,curve-finance,1888241047.0
NaT,curve-finance,1866321184.0
NaT,curve-finance,1835946035.0
NaT,curve-finance,1803369688.0
NaT,curve-finance,1834373939.0
NaT,curve-finance,1865289357.0
NaT,curve-finance,1902974943.0
NaT,curve-finance,1873006413.0
NaT,curve-finance,1836281388.0
NaT,curve-finance,1842526922.0
NaT,curve-finance,1802863977.0
NaT,curve-finance,1877114151.0
NaT,curve-finance,1872989147.0
NaT,curve-finance,1837597531.0
NaT,curve-finance,1852990610.0
NaT,curve-finance,1821544913.0
NaT,curve-finance,1861698736.0
NaT,curve-finance,1862357483.0
NaT,curve-finance,1765098005.0
NaT,curve-finance,1803008744.0
NaT,curve-finance,1789536599.0
NaT,curve-finance,1778007613.0
NaT,curve-finance,1761426564.0
NaT,curve-finance,1799918045.0
NaT,curve-finance,1826171787.0
NaT,curve-finance,1877613729.0
NaT,curve-finance,1888775673.0
NaT,curve-finance,1832479225.0
NaT,curve-finance,1839802932.0
NaT,curve-finance,1809857835.0
NaT,curve-finance,1811915147.0
NaT,curve-finance,1818813597.0
NaT,curve-finance,1812520697.0
NaT,curve-finance,1756122098.0
NaT,curve-finance,1764920161.0
NaT,curve-finance,1752306972.0
NaT,curve-finance,1770766148.0
NaT,curve-finance,2174416521.0
NaT,curve-finance,2132577799.0
NaT,curve-finance,2127089811.0
NaT,curve-finance,2090955214.0
NaT,curve-finance,2129607679.0
NaT,curve-finance,2132708899.0
NaT,curve-finance,2134002186.0
NaT,curve-finance,2170421411.0
NaT,curve-finance,2021301983.0
NaT,curve-finance,1992139329.0
NaT,curve-finance,2017410904.0
NaT,curve-finance,2033202050.0
NaT,curve-finance,2024609008.0
NaT,curve-finance,2019719707.0
NaT,curve-finance,2011407226.0
NaT,curve-finance,2045232941.0
NaT,curve-finance,2082205586.0
NaT,curve-finance,2069437331.0
NaT,curve-finance,2087818976.15859
NaT,curve-finance,2085072437.59308
NaT,curve-finance,2088029819.75838
NaT,curve-finance,2148119549.75283
NaT,curve-finance,2129031806.65731
NaT,curve-finance,2218443696.2586203
NaT,curve-finance,2217944943.4802303
NaT,curve-finance,2220533475.4591503
NaT,curve-finance,2229929487.2729197
NaT,curve-finance,2284255857.72091
NaT,curve-finance,2333145286.6515903
NaT,curve-finance,2344896101.8979197
NaT,curve-finance,2503042259.04743
NaT,curve-finance,2502558975.1626
NaT,curve-finance,2471982924.05491
NaT,curve-finance,2483598027.82823
NaT,curve-finance,2527936244.29064
NaT,curve-finance,2615534109.99781
NaT,curve-finance,2665771700.39783
NaT,curve-finance,2730334556.97166
NaT,curve-finance,2705463811.15206
NaT,curve-finance,2755554346.2504
NaT,curve-finance,2740656393.68959
NaT,curve-finance,2754341294.45223
NaT,curve-finance,2813886210.78827
NaT,curve-finance,2743773244.2397
NaT,curve-finance,2899008954.6490498
NaT,curve-finance,2883790549.97938
NaT,curve-finance,2903465401.3034
NaT,curve-finance,2887748724.22858
NaT,curve-finance,2839665961.95957
NaT,curve-finance,2930567472.18413
NaT,curve-finance,2882491310.98443
NaT,curve-finance,2894646954.70023
NaT,curve-finance,2830489184.25031
NaT,curve-finance,2749079200.28182
NaT,curve-finance,2631768888.6001
NaT,curve-finance,2677944658.68616
NaT,curve-finance,2490075842.33502
NaT,curve-finance,2536868794.72452
NaT,curve-finance,2699038506.92139
NaT,curve-finance,2446211372.39531
NaT,curve-finance,2316229855.78494
NaT,curve-finance,2587220587.1414
NaT,curve-finance,2634509679.70336
NaT,curve-finance,2732369745.81841
NaT,curve-finance,2721689913.15048
NaT,curve-finance,2683672329.4244
NaT,curve-finance,2685481426.94975
NaT,curve-finance,2678747320.34188
NaT,curve-finance,2674827443.88856
NaT,curve-finance,2742822770.75886
NaT,curve-finance,2681778616.73725
NaT,curve-finance,2621263755.12871
NaT,curve-finance,2612686527.19409
NaT,curve-finance,2622140731.7557
NaT,curve-finance,2619636127.35275
NaT,curve-finance,2385293179.76582
NaT,curve-finance,2369080107.54923
NaT,curve-finance,2500097755.80819
NaT,curve-finance,2431231049.8421497
NaT,curve-finance,2404182231.1068897
NaT,curve-finance,2400542267.0362997
NaT,curve-finance,2259843170.68395
NaT,curve-finance,2121037944.81723
NaT,curve-finance,2190314283.1202
NaT,curve-finance,2166139416.67795
NaT,curve-finance,2175206488.49401
NaT,curve-finance,2118245706.78349
NaT,curve-finance,2152044443.31754
NaT,curve-finance,2166079272.56855
NaT,curve-finance,2192734861.5583
NaT,curve-finance,2202492187.03808
NaT,curve-finance,2247096097.07475
NaT,curve-finance,2241099196.0079203
NaT,curve-finance,2208090463.44905
NaT,curve-finance,2230420891.69312
NaT,curve-finance,2236121933.2779703
NaT,curve-finance,2272332347.49284
NaT,curve-finance,2301228097.23237
NaT,curve-finance,2266227068.68454
NaT,curve-finance,2185888786.3379498
NaT,curve-finance,2174932229.57747
NaT,curve-finance,2217716181.10371
NaT,curve-finance,2260117878.97933
NaT,curve-finance,2257169789.146
NaT,curve-finance,2273137901.6754503
NaT,curve-finance,2229711408.48905
NaT,curve-finance,2205459265.8465
NaT,curve-finance,2179603127.64417
NaT,curve-finance,2208263782.3411703
NaT,curve-finance,2142795407.02238
NaT,curve-finance,2159837169.0352
NaT,curve-finance,2178885678.17599
NaT,curve-finance,2197581583.1394997
NaT,curve-finance,2176061948.3382
NaT,curve-finance,2230365759.9443398
NaT,curve-finance,2230867654.67819
NaT,curve-finance,2276572115.00546
NaT,curve-finance,2285222706.8098497
NaT,curve-finance,2263914917.06199
NaT,curve-finance,2418921302.09766
NaT,curve-finance,2472160341.78909
NaT,curve-finance,2460724097.9028997
NaT,curve-finance,2471794428.84391
NaT,curve-finance,2457189604.849
NaT,curve-finance,2460876690.32372
NaT,curve-finance,2489768046.72221
NaT,curve-finance,2509767613.6100597
NaT,curve-finance,2487479143.16525
NaT,curve-finance,2433308117.3396797
NaT,curve-finance,2427225025.82909
NaT,curve-finance,2432622623.11353
NaT,curve-finance,2458752405.60147
NaT,curve-finance,2440115277.24999
NaT,curve-finance,2446289433.9544497
NaT,curve-finance,2467636102.17369
NaT,curve-finance,2487930993.6496
NaT,curve-finance,2461614427.06343
NaT,curve-finance,2412548371.74119
NaT,curve-finance,2405474668.6204
NaT,curve-finance,2420314663.75487
NaT,curve-finance,2403282669.7907
NaT,curve-finance,2332688378.9281597
NaT,curve-finance,2350514404.67388
NaT,curve-finance,2257819561.7878103
NaT,curve-finance,2240187309.35245
NaT,curve-finance,2271078475.31744
NaT,curve-finance,2291956982.55366
NaT,curve-finance,2259061819.20759
NaT,curve-finance,2231956509.83927
NaT,curve-finance,2261075436.48107
NaT,curve-finance,2250014511.5180397
NaT,curve-finance,2240701832.96729
NaT,curve-finance,2212394193.8467703
NaT,curve-finance,2190671581.36115
NaT,curve-finance,2142757895.13293
NaT,curve-finance,2189221491.64081
NaT,curve-finance,2183493626.4071903
NaT,curve-finance,2197709546.3948097
NaT,curve-finance,2165851626.03338
NaT,curve-finance,2173476723.7322702
NaT,curve-finance,2208302121.12462
NaT,curve-finance,2198507667.70222
NaT,curve-finance,2176436274.43757
NaT,curve-finance,2148029593.6237698
NaT,curve-finance,2084398894.4275799
NaT,curve-finance,1989833964.23395
NaT,curve-finance,2023552214.27777
NaT,curve-finance,2008621280.0155
NaT,curve-finance,2034579923.19709
NaT,curve-finance,2037815438.62453
NaT,curve-finance,2043208007.35985
NaT,curve-finance,2063335886.21964
NaT,curve-finance,2079128092.8751
NaT,curve-finance,2090929582.735
NaT,curve-finance,2126858332.20967
NaT,curve-finance,2185591915.0394497
NaT,curve-finance,2193776049.07136
NaT,curve-finance,2185176193.8826
NaT,curve-finance,2186312020.93506
NaT,curve-finance,2192382638.64095
NaT,curve-finance,2194385089.0613003
NaT,curve-finance,2198159935.18301
NaT,curve-finance,2183799784.02812
NaT,curve-finance,2175473331.91916
NaT,curve-finance,2131117606.1036
NaT,curve-finance,2080653679.71574
NaT,curve-finance,2119973095.13172
NaT,curve-finance,2188373311.16319
NaT,curve-finance,2198100983.5821
NaT,curve-finance,2230573936.7997503
NaT,curve-finance,2216313003.39929
NaT,curve-finance,2209634755.24275
NaT,curve-finance,2205169282.9377203
NaT,curve-finance,2136669522.02288
NaT,curve-finance,2099899889.65798
NaT,curve-finance,2030466579.14902
NaT,curve-finance,1903043474.01562
NaT,curve-finance,1924128180.22185
NaT,curve-finance,1900182239.05995
NaT,curve-finance,1990148101.36133
NaT,curve-finance,2000804905.86733
NaT,curve-finance,1997481880.64948
NaT,curve-finance,1977302160.67456
NaT,curve-finance,2004989590.27125
NaT,curve-finance,2027594821.16135
NaT,curve-finance,2007341551.38027
NaT,curve-finance,1973116117.61328
NaT,curve-finance,1995356730.76406
NaT,curve-finance,1994862124.69006
NaT,curve-finance,1998591178.28271
NaT,curve-finance,2002636195.95983
NaT,curve-finance,2003081305.04745
NaT,curve-finance,2016208329.99871
NaT,curve-finance,2011303520.98953
NaT,curve-finance,2051022082.2259
NaT,curve-finance,2048104405.73559
NaT,curve-finance,2060044353.85537
NaT,curve-finance,2025959580.87637
NaT,curve-finance,1938903020.49707
NaT,curve-finance,1955259727.51625
NaT,curve-finance,1951605796.16282
NaT,curve-finance,1954513747.00858
NaT,curve-finance,1954348108.20375
NaT,curve-finance,1917397102.32125
NaT,curve-finance,1945638188.22806
NaT,curve-finance,1913490410.94974
NaT,curve-finance,1917319499.08631
NaT,curve-finance,1885800977.9399
NaT,curve-finance,1811134934.6643
NaT,curve-finance,1821816480.09345
NaT,curve-finance,1829457155.60475
NaT,curve-finance,1857476387.09237
NaT,curve-finance,1849478105.89644
NaT,curve-finance,1839190411.97372
NaT,curve-finance,1845654282.38642
NaT,curve-finance,1877577925.25658
NaT,curve-finance,1868020383.6808
NaT,curve-finance,1849009667.98105
NaT,curve-finance,1822380041.63654
NaT,curve-finance,1843241529.3181
NaT,curve-finance,1837263432.67397
NaT,curve-finance,1873773212.72397
NaT,curve-finance,1901440595.15614
NaT,curve-finance,1904729731.84381
NaT,curve-finance,1889102653.16986
NaT,curve-finance,1907671601.4132
NaT,curve-finance,1923422123.86733
NaT,curve-finance,1906922106.90274
NaT,curve-finance,1927181200.7004
NaT,curve-finance,1944693921.49689
NaT,curve-finance,1938875892.96471
NaT,curve-finance,1935604083.81275
NaT,curve-finance,1913003489.60628
NaT,curve-finance,1867060434.97422
NaT,curve-finance,1843095536.31921
NaT,curve-finance,1833292908.52285
NaT,curve-finance,1851907990.11915
NaT,curve-finance,1846132212.16188
NaT,curve-finance,1857054888.45584
NaT,curve-finance,1864517122.61346
NaT,curve-finance,1839289545.58948
NaT,curve-finance,1821149992.01506
NaT,curve-finance,1816400912.87423
NaT,curve-finance,1839296666.29034
NaT,curve-finance,1846872280.41991
NaT,curve-finance,1833246333.04123
NaT,curve-finance,1849064212.66721
NaT,curve-finance,1812036742.6534
NaT,curve-finance,1807284764.31927
NaT,curve-finance,1791632835.69449
NaT,curve-finance,1801390125.39194
NaT,curve-finance,1806636947.26406
NaT,curve-finance,1825694170.15525
NaT,curve-finance,1808653771.26224
NaT,curve-finance,1804438661.20412
NaT,curve-finance,1773363463.00395
NaT,curve-finance,1777287297.41579
NaT,curve-finance,1755717845.09163
NaT,curve-finance,1718305188.30449
NaT,curve-finance,1719168100.09688
NaT,curve-finance,1749386110.19329
NaT,curve-finance,1773271337.71327
NaT,curve-finance,1775583021.63301
NaT,curve-finance,1743832933.46039
NaT,curve-finance,1731588497.95907
NaT,curve-finance,1723019663.44386
NaT,curve-finance,1714233663.99187
NaT,curve-finance,1698020560.7766
NaT,curve-finance,1699514667.33498
NaT,curve-finance,1754750925.93268
NaT,curve-finance,1784315671.85601
NaT,curve-finance,1795726488.60986
NaT,curve-finance,1830103888.31181
NaT,curve-finance,1853185968.83775
NaT,curve-finance,1882726499.0772
NaT,curve-finance,1869893721.33192
NaT,curve-finance,1842345214.51657
NaT,curve-finance,1806043553.84712
NaT,curve-finance,1812721940.93851
NaT,curve-finance,1810277706.6978
NaT,curve-finance,1818428688.53845
NaT,curve-finance,1839524383.05094
NaT,curve-finance,1818817888.58362
NaT,curve-finance,1820842864.96032
NaT,curve-finance,1887738121.82437
NaT,curve-finance,1917516506.29398
NaT,curve-finance,1916582015.35123
NaT,curve-finance,1920263349.05725
NaT,curve-finance,1890750936.07145
NaT,curve-finance,1855368668.4018
NaT,curve-finance,1940340229.02403
NaT,curve-finance,1945097729.5223
NaT,curve-finance,1973998027.44689
NaT,curve-finance,2002343426.26525
NaT,curve-finance,2013216243.66641
NaT,curve-finance,2002613369.6521
NaT,curve-finance,2010463128.1996
NaT,curve-finance,2194279652.68484
NaT,curve-finance,2187055887.65796
NaT,curve-finance,2261423639.63548
NaT,curve-finance,2294895846.16597
NaT,curve-finance,2307412094.93325
NaT,curve-finance,2242684772.3087
NaT,curve-finance,2247878347.14841
NaT,curve-finance,2332714349.0160503
NaT,curve-finance,2364523360.32808
NaT,curve-finance,2380982666.48037
NaT,curve-finance,2375657693.49253
NaT,curve-finance,2420876485.38043
NaT,curve-finance,2417206228.93278
NaT,curve-finance,2409708571.72465
NaT,curve-finance,2382090774.18461
NaT,curve-finance,2321018592.92734
NaT,curve-finance,2362992822.62136
NaT,curve-finance,2334089851.25534
NaT,curve-finance,2323613455.2688503
NaT,curve-finance,2412576899.64171
NaT,curve-finance,2463328599.0628
NaT,curve-finance,2483821867.55974
NaT,curve-finance,2459215776.83698
NaT,curve-finance,2505511811.71257
NaT,curve-finance,2535577677.81261
NaT,curve-finance,2504727709.81585
NaT,curve-finance,2443749910.82899
NaT,curve-finance,2394662251.89032
NaT,curve-finance,2440882409.42253
NaT,curve-finance,2411240231.1344
NaT,curve-finance,2549658872.26423
NaT,curve-finance,2584610089.12344
NaT,curve-finance,2576440224.04139
NaT,curve-finance,2622885955.77614
NaT,curve-finance,2523031817.91597
NaT,curve-finance,2483455718.01464
NaT,curve-finance,2415928256.07341
NaT,curve-finance,2351769194.57138
NaT,curve-finance,2354310750.61022
NaT,curve-finance,2382167053.27131
NaT,curve-finance,2335211910.66974
NaT,curve-finance,2363980598.62488
NaT,curve-finance,2436566765.91898
NaT,curve-finance,2416807086.89239
NaT,curve-finance,2425798288.71866
NaT,curve-finance,2410061965.94516
NaT,curve-finance,2356953303.76295
NaT,curve-finance,2325612998.8128
NaT,curve-finance,2349326485.43027
NaT,curve-finance,2304794320.65511
NaT,curve-finance,2329956537.87217
NaT,curve-finance,2326363595.12675
NaT,curve-finance,2330410505.04473
NaT,curve-finance,2307865226.9425697
NaT,curve-finance,2276821942.25598
NaT,curve-finance,2251503103.8564
NaT,curve-finance,2286020149.95794
NaT,curve-finance,2320059351.61687
NaT,curve-finance,2318872998.2406397
NaT,curve-finance,2270761790.40436
NaT,curve-finance,2180332564.9791803
NaT,curve-finance,2166649965.2978497
NaT,curve-finance,2126036417.19072
NaT,curve-finance,2132403001.77368
NaT,curve-finance,2098746355.02053
NaT,curve-finance,2074013611.50773
NaT,curve-finance,2066455584.91816
NaT,curve-finance,2066548408.90811
NaT,curve-finance,2078291992.01645
NaT,curve-finance,2062360169.03829
NaT,curve-finance,2088718640.53665
NaT,curve-finance,2049497415.15636
NaT,curve-finance,2081536743.30583
NaT,curve-finance,2073203958.75433
NaT,curve-finance,2059570383.14922
NaT,curve-finance,2070361363.11238
NaT,curve-finance,2045264431.64345
NaT,curve-finance,2038422172.22639
NaT,curve-finance,2051147643.21296
NaT,curve-finance,2024596306.09417
NaT,curve-finance,2047875253.1799
NaT,curve-finance,2060842005.77857
NaT,curve-finance,1923309599.44752
NaT,curve-finance,1907059544.51451
NaT,curve-finance,1878073128.5476
NaT,curve-finance,1862933141.03791
NaT,curve-finance,1837471502.99437
NaT,curve-finance,1827772237.24336
NaT,curve-finance,1902589795.16911
NaT,curve-finance,1789393178.33139
NaT,curve-finance,1806233619.10235
NaT,curve-finance,1818297359.69721
NaT,curve-finance,1798792300.35591
NaT,curve-finance,1803220822.52875
NaT,curve-finance,1827927816.86375
NaT,curve-finance,1779190155.02007
NaT,curve-finance,1706217858.75684
NaT,curve-finance,1733041001.39383
NaT,curve-finance,1737784818.78773
NaT,curve-finance,1725525773.47585
NaT,curve-finance,1744134862.74654
NaT,curve-finance,1748589815.67414
NaT,curve-finance,1741299163.37323
NaT,curve-finance,1761800527.73919
NaT,curve-finance,1765002338.18467
NaT,curve-finance,1813127298.73496
NaT,curve-finance,1831511972.41182
NaT,curve-finance,1860592507.79285
NaT,curve-finance,1880056066.59056
NaT,curve-finance,1897501823.40582
NaT,curve-finance,1925100380.74815
NaT,curve-finance,1903002695.14518
NaT,curve-finance,1893082960.01789
NaT,curve-finance,1859615831.6658
NaT,curve-finance,1830536914.32868
NaT,curve-finance,1823620157.9134
NaT,curve-finance,1813196632.23409
NaT,curve-finance,1833379211.62092
NaT,curve-finance,1876602624.45341
NaT,curve-finance,1843470057.4261
NaT,curve-finance,1857911580.92818
NaT,curve-finance,1928199243.05938
NaT,curve-finance,1927487508.68358
NaT,curve-finance,1823465548.78721
NaT,curve-finance,1802289369.46385
NaT,curve-finance,1788256697.55362
NaT,curve-finance,1847395347.08462
NaT,curve-finance,1813735338.30732
NaT,curve-finance,1835776875.76596
NaT,curve-finance,1863227334.36722
NaT,curve-finance,1852502363.29944
NaT,curve-finance,1856144971.43402
NaT,curve-finance,1851189556.38617
NaT,curve-finance,1855210276.0267
NaT,curve-finance,1848875822.95752
NaT,curve-finance,1861222725.68136
NaT,curve-finance,1874654998.91452
NaT,curve-finance,1873287362.8222
NaT,curve-finance,1880751413.25819
NaT,curve-finance,1952224145.82255
NaT,curve-finance,1975798613.57077
NaT,curve-finance,1993977971.05473
NaT,curve-finance,2009217080.68559
NaT,curve-finance,2025840358.38623
NaT,curve-finance,2015197144.19634
NaT,curve-finance,2024788756.94053
NaT,curve-finance,2024334675.52117
NaT,curve-finance,2030760892.64433
NaT,curve-finance,2051329040.63619
NaT,curve-finance,2060260509.50801
NaT,curve-finance,2060198912.91124
NaT,curve-finance,2057528989.48638
NaT,curve-finance,2083240177.22395
NaT,curve-finance,2106473589.16828
NaT,curve-finance,2129254446.59111
NaT,curve-finance,2239967709.44495
NaT,curve-finance,2284799070.84967
NaT,curve-finance,2371773789.5950203
NaT,curve-finance,2365815143.14826
NaT,curve-finance,2361751409.13507
NaT,curve-finance,2413422196.64694
NaT,curve-finance,2372325080.44604
NaT,curve-finance,2365974763.42764
NaT,curve-finance,2375259440.22924
NaT,curve-finance,2362880531.9798603
NaT,curve-finance,2358367212.49119
NaT,curve-finance,2381704519.8000097
NaT,curve-finance,2399707327.6426497
NaT,curve-finance,2406939044.24905
NaT,curve-finance,2400771181.22052
NaT,curve-finance,2344264007.01191
NaT,curve-finance,2338053761.3132
NaT,curve-finance,2336610230.0548697
NaT,curve-finance,2331139686.8112698
NaT,curve-finance,2372585121.9053
NaT,curve-finance,2382272453.76616
NaT,curve-finance,2372351241.9679403
NaT,curve-finance,2328375562.0081797
NaT,curve-finance,2326770446.8926897
NaT,curve-finance,2333710607.7609997
NaT,curve-finance,2347064472.76544
NaT,curve-finance,2342983629.01692
NaT,curve-finance,2342725795.49988
NaT,curve-finance,2286740193.94681
NaT,curve-finance,2295696557.94681
NaT,curve-finance,2319222613.93454
NaT,curve-finance,2317793486.82029
NaT,curve-finance,2367889866.6803102
NaT,curve-finance,2404974362.85995
NaT,curve-finance,2374619880.11056
NaT,curve-finance,2339000743.4409
NaT,curve-finance,2314808019.4306297
NaT,curve-finance,2295281375.6279697
NaT,curve-finance,2298121778.65622
NaT,curve-finance,2285103059.34873
NaT,curve-finance,2273779221.19654
NaT,curve-finance,2287534120.59412
NaT,curve-finance,2287242143.29211
NaT,curve-finance,2250843670.71907
NaT,curve-finance,2206987640.3958797
NaT,curve-finance,2188578081.10541
NaT,curve-finance,2247876431.31117
NaT,curve-finance,2252555979.39076
NaT,curve-finance,2250198799.49125
NaT,curve-finance,2139094069.63169
NaT,curve-finance,2134685349.32487
NaT,curve-finance,2138959498.81198
NaT,curve-finance,2164353761.54001
NaT,curve-finance,2147939267.79576
NaT,curve-finance,2111901957.95835
NaT,curve-finance,2167580128.22106
NaT,curve-finance,2172628342.5258904
NaT,curve-finance,2147238936.74409
NaT,curve-finance,2146720198.91188
NaT,curve-finance,2164423157.4236803
NaT,curve-finance,2144634374.06112
NaT,curve-finance,2161699366.26457
NaT,curve-finance,2223538032.71938
NaT,curve-finance,2294039529.54675
NaT,curve-finance,2318030905.4726
NaT,curve-finance,2315182741.4790697
NaT,curve-finance,2335132294.43934
NaT,curve-finance,2352490206.56901
NaT,curve-finance,2388117431.91578
NaT,curve-finance,2461851013.72047
NaT,curve-finance,2524956601.06516
NaT,curve-finance,2537284824.73488
NaT,curve-finance,2550542538.87626
NaT,curve-finance,2596397939.56723
NaT,curve-finance,2596065671.16984
NaT,curve-finance,2586554396.73442
NaT,curve-finance,2538951915.04539
NaT,curve-finance,2519351153.15775
NaT,curve-finance,2545982360.30964
NaT,curve-finance,2572571682.58409
NaT,curve-finance,2605568469.7242
NaT,curve-finance,2545011013.76661
NaT,curve-finance,2524209360.80115
NaT,curve-finance,2532611776.43705
NaT,curve-finance,2505641001.81645
NaT,curve-finance,2464434714.42272
NaT,curve-finance,2433608874.6096697
NaT,curve-finance,2479728038.58985
NaT,curve-finance,2528657801.8587
NaT,curve-finance,2515876039.13573
NaT,curve-finance,2526568887.60434
NaT,curve-finance,2634854321.01569
NaT,curve-finance,2667773837.01276
NaT,curve-finance,2732950512.38338
NaT,curve-finance,2733675237.67206
NaT,curve-finance,2724058164.16256
NaT,curve-finance,2817907206.25405
NaT,curve-finance,2859055896.50032
NaT,curve-finance,2800363364.7205
NaT,curve-finance,2762278868.13956
NaT,curve-finance,2757046142.87186
NaT,curve-finance,2748204586.30424
NaT,curve-finance,2692128326.77127
NaT,curve-finance,2629805235.87854
NaT,curve-finance,2466528545.06388
NaT,curve-finance,2435277762.9035797
NaT,curve-finance,2542811976.59216
NaT,curve-finance,2545561588.82855
NaT,curve-finance,2528738679.29386
NaT,curve-finance,2435101803.40495
NaT,curve-finance,2461686232.17142
NaT,curve-finance,2442229794.00194
NaT,curve-finance,2432979710.85599
NaT,curve-finance,2381865101.1771297
NaT,curve-finance,2382388309.0016003
NaT,curve-finance,2378555121.1942596
NaT,curve-finance,2359641624.6784697
NaT,curve-finance,2374929059.90283
NaT,curve-finance,2390608336.84171
NaT,curve-finance,2356092914.23918
NaT,curve-finance,2360762207.66395
NaT,curve-finance,2334665043.80599
NaT,curve-finance,2341619901.78627
NaT,curve-finance,2342716709.53274
NaT,curve-finance,2328614807.31842
NaT,curve-finance,2353883539.30984
NaT,curve-finance,2379764908.67771
NaT,curve-finance,2429553980.85415
NaT,curve-finance,2432498950.87298
NaT,curve-finance,2407044972.3231697
NaT,curve-finance,2393611074.88999
NaT,curve-finance,2397850772.01791
NaT,curve-finance,2409819355.35837
NaT,curve-finance,2419246807.28113
NaT,curve-finance,2390782013.24726
NaT,curve-finance,2387263029.90588
NaT,curve-finance,2361004187.6442204
NaT,curve-finance,2309766729.7534
NaT,curve-finance,2306639477.83821
NaT,curve-finance,2300909422.42559
NaT,curve-finance,2240047861.79573
NaT,curve-finance,2250597110.17196
NaT,curve-finance,2246945629.25324
NaT,curve-finance,2286687972.3326597
NaT,curve-finance,2348378755.01448
NaT,curve-finance,2355355527.4373903
NaT,curve-finance,2425640762.84474
NaT,curve-finance,2499083863.89828
NaT,curve-finance,2541825838.68062
NaT,curve-finance,2525936411.4544
NaT,curve-finance,2535797518.34708
NaT,curve-finance,2585653136.27911
NaT,curve-finance,2547854820.59771
NaT,curve-finance,2554348759.72696
NaT,curve-finance,2536737010.7111
NaT,curve-finance,2315731838.60806
NaT,curve-finance,2260263142.7898703
NaT,curve-finance,2348351063.3903303
NaT,curve-finance,2365574544.28258
NaT,curve-finance,2437018292.02172
NaT,curve-finance,2416221526.5598097
NaT,curve-finance,2387472616.60805
NaT,curve-finance,2402628030.72361
NaT,curve-finance,2414893264.84682
NaT,curve-finance,2420656205.74617
NaT,curve-finance,2427128659.95495
NaT,curve-finance,2404540649.74621
NaT,curve-finance,2369370573.00879
NaT,curve-finance,2373585607.2028503
NaT,curve-finance,2393448394.4275103
NaT,curve-finance,2393839957.08612
NaT,curve-finance,2440334796.3751497
NaT,curve-finance,2431734490.75764
NaT,curve-finance,2397295362.0742197
NaT,curve-finance,2378459972.6442003
NaT,curve-finance,2330285478.13179
NaT,curve-finance,2335966007.5614
NaT,curve-finance,2367412011.78473
NaT,curve-finance,2372900257.44794
NaT,curve-finance,2293003614.00508
NaT,curve-finance,2202729493.3672
NaT,curve-finance,2199813341.63383
NaT,curve-finance,2158910681.8762903
NaT,curve-finance,2165785182.89282
NaT,curve-finance,2159323731.43679
NaT,curve-finance,2200196960.2993402
NaT,curve-finance,2191514221.37764
NaT,curve-finance,2155178905.4435797
NaT,curve-finance,2144663944.34385
NaT,curve-finance,2119291484.28905
NaT,curve-finance,2094230100.31878
NaT,curve-finance,2095416371.53622
NaT,curve-finance,2068347723.2793
NaT,curve-finance,2036398903.67242
NaT,curve-finance,2065180905.95396
NaT,curve-finance,2051456995.07327
NaT,curve-finance,2013859396.16597
NaT,curve-finance,1986398399.57872
NaT,curve-finance,1988593481.71736
NaT,curve-finance,1985633620.73313
NaT,curve-finance,2010058418.40683
NaT,curve-finance,2026482616.965
NaT,curve-finance,2041267490.02893
NaT,curve-finance,2038619462.14783
NaT,curve-finance,2038861621.60203
NaT,curve-finance,2057502522.24898
NaT,curve-finance,2078573684.1549
NaT,curve-finance,2071211330.82193
NaT,curve-finance,2112881729.41085
NaT,curve-finance,2177373110.68793
NaT,curve-finance,2168984707.33243
NaT,curve-finance,2163400360.78434
NaT,curve-finance,2165491747.13649
NaT,curve-finance,2169517501.6949797
NaT,curve-finance,2178402922.9327803
NaT,curve-finance,2187094142.68398
NaT,curve-finance,2184727652.51794
NaT,curve-finance,2175462012.9344
NaT,curve-finance,2218743615.33857
NaT,curve-finance,2222249449.7192497
NaT,curve-finance,2214330626.57863
NaT,curve-finance,2193169538.5904503
NaT,curve-finance,2193213024.9397
NaT,curve-finance,2168810840.3624697
NaT,curve-finance,2152426641.0085897
NaT,curve-finance,2165223112.09474
NaT,curve-finance,2163933957.60776
NaT,curve-finance,2162057404.05179
NaT,curve-finance,2165932752.71821
NaT,curve-finance,2147197746.9693599
NaT,curve-finance,2140526602.22643
NaT,curve-finance,2127047437.40751
NaT,curve-finance,2136052995.16531
NaT,curve-finance,2136658559.974
NaT,curve-finance,2137845834.74625
NaT,curve-finance,2097695496.22683
NaT,curve-finance,2093031309.55239
NaT,curve-finance,2047834885.70218
NaT,curve-finance,2050581858.03166
NaT,curve-finance,2086672067.13723
NaT,curve-finance,2106345818.0097
NaT,curve-finance,2112642909.96785
NaT,curve-finance,2141731730.38253
NaT,curve-finance,2155765202.40948
NaT,curve-finance,2145572533.48011
NaT,curve-finance,2146785221.97097
NaT,curve-finance,2132789910.99014
NaT,curve-finance,2127586886.81473
NaT,curve-finance,2133496744.09606
NaT,curve-finance,2140768955.76479
NaT,curve-finance,2190802013.95326
NaT,curve-finance,2188783506.94506
NaT,curve-finance,2195221132.52455
NaT,curve-finance,2183385212.87932
NaT,curve-finance,2177893700.88897
NaT,curve-finance,2165437447.35529
NaT,curve-finance,2138010891.54819
NaT,curve-finance,2034437238.27769
NaT,curve-finance,2038900123.6508899
NaT,curve-finance,2034456400.8603
NaT,curve-finance,2036933596.72911
NaT,curve-finance,2027212356.18744
NaT,curve-finance,1992888844.47448
NaT,curve-finance,2016769523.87478
NaT,curve-finance,2043223083.65831
NaT,curve-finance,2043561233.10956
NaT,curve-finance,2006292495.93016
NaT,curve-finance,1980998903.91773
NaT,curve-finance,1940526708.84352
NaT,curve-finance,1879236899.3427901
NaT,curve-finance,1882483147.95573
NaT,curve-finance,1843659880.95159
NaT,curve-finance,1844937096.89241
NaT,curve-finance,1726899636.12868
NaT,curve-finance,1799391119.89132
NaT,curve-finance,1805427271.64404
NaT,curve-finance,1812239650.94245
NaT,curve-finance,1813355675.2853699
NaT,curve-finance,1809521769.40384
NaT,curve-finance,1803346272.40503
NaT,curve-finance,1801481765.79152
NaT,curve-finance,1846314953.84708
NaT,curve-finance,1859452162.17874
NaT,curve-finance,1836648071.60914
NaT,curve-finance,1843463196.89607
NaT,curve-finance,1834151174.12699
NaT,curve-finance,1823328691.55762
NaT,curve-finance,1833366881.69107
NaT,curve-finance,1845997661.33399
NaT,curve-finance,1845879744.93966
NaT,curve-finance,1840560907.13621
NaT,curve-finance,1814717687.59109
NaT,curve-finance,1799731465.1865401
NaT,curve-finance,1866375430.0318599
NaT,curve-finance,1847240869.93876
NaT,curve-finance,1832186630.6768
NaT,curve-finance,1838606073.41559
NaT,curve-finance,1824144993.10254
NaT,curve-finance,1808595587.83319
NaT,curve-finance,1785245876.3980799
NaT,curve-finance,1810500107.1566901
NaT,curve-finance,1796518591.4077501
NaT,curve-finance,1763129906.92927
NaT,curve-finance,1757060178.09909
NaT,curve-finance,1745177285.64108
NaT,curve-finance,1765507437.40154
NaT,curve-finance,1769021246.77861
NaT,curve-finance,1775219239.48833
NaT,curve-finance,1790536229.7834501
NaT,curve-finance,1795657741.1178
NaT,curve-finance,1790582746.0832
NaT,curve-finance,1804374474.76017
NaT,curve-finance,1831620200.74495
NaT,curve-finance,1822705488.31961
NaT,curve-finance,1806992455.00155
NaT,curve-finance,1791825344.47658
NaT,curve-finance,1795289736.73109
NaT,curve-finance,1779090280.57707
NaT,curve-finance,1753295688.83454
NaT,curve-finance,1781182098.71292
NaT,curve-finance,1784952985.8185601
NaT,curve-finance,1779792107.47135
NaT,curve-finance,1743954525.21962
NaT,curve-finance,1710572221.01039
NaT,curve-finance,1711138691.14718
NaT,curve-finance,1706920819.0957599
NaT,curve-finance,1718592196.4359
NaT,curve-finance,1734581463.02386
NaT,curve-finance,1740704926.09678
NaT,curve-finance,1721929610.36201
NaT,curve-finance,1712199359.27983
NaT,curve-finance,1713704358.71631
NaT,curve-finance,1730122116.69458
NaT,curve-finance,1734428944.52401
